{"mFingerprints":[{"mWiFiFingerprint":{"d4:7b:b0:79:a3:19":-89,"72:d2:d2:df:d2:0f":-53,"8c:dc:d4:69:76:3f":-93,"14:cc:20:ef:c0:73":-90,"c4:12:f5:84:b2:56":-87,"28:80:23:40:10:9c":-91,"34:ce:00:1d:85:1f":-79,"80:1f:02:3c:46:1c":-92,"74:da:38:d1:b9:08":-88},"mCenter":{"x":-1.3288219,"y":-5.375424}},{"mWiFiFingerprint":{"d4:7b:b0:79:a3:19":-88,"72:d2:d2:df:d2:0f":-53,"8c:dc:d4:69:76:3f":-90,"14:cc:20:ef:c0:73":-86,"c4:12:f5:84:b2:56":-88,"34:ce:00:1d:85:1f":-80,"b0:41:1d:2a:4f:f8":-88},"mCenter":{"x":2.3656328,"y":1.3385317}}],"mFloorId":"2d63e511-0753-42b5-9773-2b08fdbf29db"}