{"mFloorId":"2d63e511-0753-42b5-9773-2b08fdbf29db","mSketch":[{"CLASSNAME":"Wall","INSTANCE":{"mEnd":{"x":2.0327191,"y":-6.1485915},"mStart":{"x":3.2866983,"y":-0.5594095},"mThickness":0.2}},{"CLASSNAME":"Wall","INSTANCE":{"mEnd":{"x":-1.5669962,"y":1.6221039},"mStart":{"x":1.9134537,"y":-5.9779625},"mThickness":0.2}},{"CLASSNAME":"Wall","INSTANCE":{"mEnd":{"x":-3.345328,"y":1.328308},"mStart":{"x":0.13220824,"y":3.5027301},"mThickness":0.2}}]}